<?xml version="1.0" encoding="UTF-8"?><?xml-stylesheet type='text/xsl' href='_UpgradeReport_Files/UpgradeReport.xslt'?><UpgradeLog>
<Properties><Property Name="Solution" Value="InterProcessSync">
</Property><Property Name="Solution File" Value="C:\Users\Pavel\Documents\Courses\4151 - Advanced .NET with C#\Labs\Module 7 - Multithreading\InterProcessSync\InterProcessSync.sln">
</Property><Property Name="User Options File" Value="C:\Users\Pavel\Documents\Courses\4151 - Advanced .NET with C#\Labs\Module 7 - Multithreading\InterProcessSync\InterProcessSync.suo">
</Property><Property Name="Date" Value="Thursday, March 31, 2011">
</Property><Property Name="Time" Value="12:37">
</Property></Properties><Event ErrorLevel="0" Project="" Source="InterProcessSync.sln" Description="File successfully backed up as C:\Users\Pavel\Documents\Courses\4151 - Advanced .NET with C#\Labs\Module 7 - Multithreading\InterProcessSync\Backup\InterProcessSync.sln">
</Event><Event ErrorLevel="0" Project="" Source="InterProcessSync.suo" Description="File successfully backed up as C:\Users\Pavel\Documents\Courses\4151 - Advanced .NET with C#\Labs\Module 7 - Multithreading\InterProcessSync\Backup\InterProcessSync.suo">
</Event><Event ErrorLevel="0" Project="InterProcessSync" Source="InterProcessSync.csproj" Description="Project file successfully backed up as C:\Users\Pavel\Documents\Courses\4151 - Advanced .NET with C#\Labs\Module 7 - Multithreading\InterProcessSync\Backup\InterProcessSync.csproj">
</Event><Event ErrorLevel="0" Project="InterProcessSync" Source="Program.cs" Description="File successfully backed up as C:\Users\Pavel\Documents\Courses\4151 - Advanced .NET with C#\Labs\Module 7 - Multithreading\InterProcessSync\Backup\Program.cs">
</Event><Event ErrorLevel="0" Project="InterProcessSync" Source="Properties\AssemblyInfo.cs" Description="File successfully backed up as C:\Users\Pavel\Documents\Courses\4151 - Advanced .NET with C#\Labs\Module 7 - Multithreading\InterProcessSync\Backup\Properties\AssemblyInfo.cs">
</Event><Event ErrorLevel="0" Project="InterProcessSync" Source="InterProcessSync.csproj" Description="Project converted successfully">
</Event><Event ErrorLevel="3" Project="InterProcessSync" Source="InterProcessSync.csproj" Description="Converted">
</Event><Event ErrorLevel="0" Project="" Source="InterProcessSync.sln" Description="Solution converted successfully">
</Event><Event ErrorLevel="3" Project="" Source="InterProcessSync.sln" Description="Converted">
</Event><Event ErrorLevel="0" Project="InterProcessSync" Source="InterProcessSync.csproj" Description="Scan complete: Upgrade not required for project files.">
</Event></UpgradeLog>